-- OFFICE LOCATION ENTITY
INSERT INTO OFFICELOCATION (PhoneNo,AddressFirstLine,ZipCode,DrugStoreId,NoOfRooms)
VALUES ('6676676767','10, Huntington Ave','02115',1,4)
INSERT INTO OFFICELOCATION (PhoneNo,AddressFirstLine,ZipCode,DrugStoreId,NoOfRooms)
VALUES ('6676676768','283 Fusce Rd.','36104',2,5)
INSERT INTO OFFICELOCATION (PhoneNo,AddressFirstLine,ZipCode,DrugStoreId,NoOfRooms)
VALUES ('6676676769','606 Ullamcorper. Street','99801',3,6)
INSERT INTO OFFICELOCATION (PhoneNo,AddressFirstLine,ZipCode,DrugStoreId,NoOfRooms)
VALUES ('6676676770','Ap #867  Sit Rd.','85001',4,7)
INSERT INTO OFFICELOCATION (PhoneNo,AddressFirstLine,ZipCode,DrugStoreId,NoOfRooms)
VALUES ('6676676771','7292 Dictum Av.','78701',5,8)
INSERT INTO OFFICELOCATION (PhoneNo,AddressFirstLine,ZipCode,DrugStoreId,NoOfRooms)
VALUES ('6676676772','Ap #651-8679 Sodales Av.','95814',6,9)
INSERT INTO OFFICELOCATION (PhoneNo,AddressFirstLine,ZipCode,DrugStoreId,NoOfRooms)
VALUES ('6676676773','5037 Diam Rd.','29217',7,10)
INSERT INTO OFFICELOCATION (PhoneNo,AddressFirstLine,ZipCode,DrugStoreId,NoOfRooms)
VALUES ('6676676774','191-103 Integer Rd.','06103',8,11)
INSERT INTO OFFICELOCATION (PhoneNo,AddressFirstLine,ZipCode,DrugStoreId,NoOfRooms)
VALUES ('6676676775','P.O. Box 887 2508 Dolor. Av.','65101',9,12)
INSERT INTO OFFICELOCATION (PhoneNo,AddressFirstLine,ZipCode,DrugStoreId,NoOfRooms)
VALUES ('6676676777','935-9940 Tortor. Street','68502',11,14)
INSERT INTO OFFICELOCATION (PhoneNo,AddressFirstLine,ZipCode,DrugStoreId,NoOfRooms)
VALUES ('6676676778','4189 Nunc Road','96813',12,4)
INSERT INTO OFFICELOCATION (PhoneNo,AddressFirstLine,ZipCode,DrugStoreId,NoOfRooms)
VALUES ('6676676779','5587 Nunc. Avenue','08608',13,5)
INSERT INTO OFFICELOCATION (PhoneNo,AddressFirstLine,ZipCode,DrugStoreId,NoOfRooms)
VALUES ('6676676780','3279 Viverra. Avenue','87501',14,6)
INSERT INTO OFFICELOCATION (PhoneNo,AddressFirstLine,ZipCode,DrugStoreId,NoOfRooms)
VALUES ('6676676781','1599 Curabitur Rd.','12207',15,7)
INSERT INTO OFFICELOCATION (PhoneNo,AddressFirstLine,ZipCode,DrugStoreId,NoOfRooms)
VALUES ('6676676782','7666 Iaculis St.','27601',16,8)
INSERT INTO OFFICELOCATION (PhoneNo,AddressFirstLine,ZipCode,DrugStoreId,NoOfRooms)
VALUES ('6676676783','366 Lacinia Avenue','72201',17,9)
INSERT INTO OFFICELOCATION (PhoneNo,AddressFirstLine,ZipCode,DrugStoreId,NoOfRooms)
VALUES ('6676676784','2546 Sociosqu Rd.','80202',18,10)
INSERT INTO OFFICELOCATION (PhoneNo,AddressFirstLine,ZipCode,DrugStoreId,NoOfRooms)
VALUES ('6676676785','313 Pellentesque Ave','19901',19,22)
INSERT INTO OFFICELOCATION (PhoneNo,AddressFirstLine,ZipCode,DrugStoreId,NoOfRooms)
VALUES ('6676676786','3476 Aliquet. Ave','32301',20,23)
INSERT INTO OFFICELOCATION (PhoneNo,AddressFirstLine,ZipCode,DrugStoreId,NoOfRooms)
VALUES ('6676676787','3472 Ullamcorper Street','30303',21,24)
INSERT INTO OFFICELOCATION (PhoneNo,AddressFirstLine,ZipCode,DrugStoreId,NoOfRooms)
VALUES ('6676676788','336 Ullamcorper. Street','40601',22,25)
INSERT INTO OFFICELOCATION (PhoneNo,AddressFirstLine,ZipCode,DrugStoreId,NoOfRooms)
VALUES ('6676676789','574-8633 Arcu Street','70802',23,26)
INSERT INTO OFFICELOCATION (PhoneNo,AddressFirstLine,ZipCode,DrugStoreId,NoOfRooms)
VALUES ('6676676790','291 Proin Road','04330',24,4)
INSERT INTO OFFICELOCATION (PhoneNo,AddressFirstLine,ZipCode,DrugStoreId,NoOfRooms)
VALUES ('6676676791','Ap #643-7006 Risus St.','21401',25,5)
INSERT INTO OFFICELOCATION (PhoneNo,AddressFirstLine,ZipCode,DrugStoreId,NoOfRooms)
VALUES ('6676676792','737-2580 At Street','17101',26,6)
INSERT INTO OFFICELOCATION (PhoneNo,AddressFirstLine,ZipCode,DrugStoreId,NoOfRooms)
VALUES ('6676676793','1011 Malesuada Road','02903',27,7)
INSERT INTO OFFICELOCATION (PhoneNo,AddressFirstLine,ZipCode,DrugStoreId,NoOfRooms)
VALUES ('6676676794','969-1762 Tincidunt Rd.','57501',28,8)
INSERT INTO OFFICELOCATION (PhoneNo,AddressFirstLine,ZipCode,DrugStoreId,NoOfRooms)
VALUES ('6676676795','6818 Eget St.','37219',29,9)
INSERT INTO OFFICELOCATION (PhoneNo,AddressFirstLine,ZipCode,DrugStoreId,NoOfRooms)
VALUES ('6676676796','987-4223 Urna St.','73102',30,10)


USE MindYourOwnMolars
--MASTER ZIPCODE ENTITY
INSERT INTO MASTERZIPCODES (ZipCode,City,State) VALUES ('02115','Boston','MA')
INSERT INTO MASTERZIPCODES (ZipCode,City,State) VALUES ('36104','Montgomery','AL')
INSERT INTO MASTERZIPCODES (ZipCode,City,State) VALUES ('99801','Juneau','AK')
INSERT INTO MASTERZIPCODES (ZipCode,City,State) VALUES ('85001','Phoenix','AZ')
INSERT INTO MASTERZIPCODES (ZipCode,City,State) VALUES ('78701','Austin','TX')
INSERT INTO MASTERZIPCODES (ZipCode,City,State) VALUES ('95814','Sacramento','CA')
INSERT INTO MASTERZIPCODES (ZipCode,City,State) VALUES ('29217','Columbia','SC')
INSERT INTO MASTERZIPCODES (ZipCode,City,State) VALUES ('06103','Hartford','CT')
INSERT INTO MASTERZIPCODES (ZipCode,City,State) VALUES ('65101','Jefferson City','MO')
INSERT INTO MASTERZIPCODES (ZipCode,City,State) VALUES ('59623','Helena','MT')
INSERT INTO MASTERZIPCODES (ZipCode,City,State) VALUES ('68502','Lincoln','NE')
INSERT INTO MASTERZIPCODES (ZipCode,City,State) VALUES ('96813','Honolulu','HI')
INSERT INTO MASTERZIPCODES (ZipCode,City,State) VALUES ('08608','Trenton','NJ')
INSERT INTO MASTERZIPCODES (ZipCode,City,State) VALUES ('87501','Santa Fe','NM')
INSERT INTO MASTERZIPCODES (ZipCode,City,State) VALUES ('12207','Albany','NY')
INSERT INTO MASTERZIPCODES (ZipCode,City,State) VALUES ('27601','Raleigh','NC')
INSERT INTO MASTERZIPCODES (ZipCode,City,State) VALUES ('72201','Little Rock','AR')
INSERT INTO MASTERZIPCODES (ZipCode,City,State) VALUES ('80202','Denver','CO')
INSERT INTO MASTERZIPCODES (ZipCode,City,State) VALUES ('19901','Dover','DE')
INSERT INTO MASTERZIPCODES (ZipCode,City,State) VALUES ('32301','Tallahassee','FL')
INSERT INTO MASTERZIPCODES (ZipCode,City,State) VALUES ('30303','Atlanta','GA')
INSERT INTO MASTERZIPCODES (ZipCode,City,State) VALUES ('40601','Frankfort','KY')
INSERT INTO MASTERZIPCODES (ZipCode,City,State) VALUES ('70802','Baton Rouge','LA')
INSERT INTO MASTERZIPCODES (ZipCode,City,State) VALUES ('04330','Augusta','ME')
INSERT INTO MASTERZIPCODES (ZipCode,City,State) VALUES ('21401','Annapolis','MD')
INSERT INTO MASTERZIPCODES (ZipCode,City,State) VALUES ('17101','Harrisburg','PA')
INSERT INTO MASTERZIPCODES (ZipCode,City,State) VALUES ('02903','Providence','RI')
INSERT INTO MASTERZIPCODES (ZipCode,City,State) VALUES ('57501','Pierre','SD')
INSERT INTO MASTERZIPCODES (ZipCode,City,State) VALUES ('37219','Nashville','TN')
INSERT INTO MASTERZIPCODES (ZipCode,City,State) VALUES ('73102','Oklahoma City','OK')

-- ROOMS ENTITY
INSERT INTO ROOMS (RoomTypeId,OfficeId) VALUES (1,1)
INSERT INTO ROOMS (RoomTypeId,OfficeId) VALUES (1,5)
INSERT INTO ROOMS (RoomTypeId,OfficeId) VALUES (2,6)
INSERT INTO ROOMS (RoomTypeId,OfficeId) VALUES (2,7)
INSERT INTO ROOMS (RoomTypeId,OfficeId) VALUES (3,8)
INSERT INTO ROOMS (RoomTypeId,OfficeId) VALUES (3,12)
INSERT INTO ROOMS (RoomTypeId,OfficeId) VALUES (1,14)
INSERT INTO ROOMS (RoomTypeId,OfficeId) VALUES (2,19)
INSERT INTO ROOMS (RoomTypeId,OfficeId) VALUES (3,3)
INSERT INTO ROOMS (RoomTypeId,OfficeId) VALUES (4,8)
INSERT INTO ROOMS (RoomTypeId,OfficeId) VALUES (4,12)
INSERT INTO ROOMS (RoomTypeId,OfficeId) VALUES (1,11)
INSERT INTO ROOMS (RoomTypeId,OfficeId) VALUES (1,1)
INSERT INTO ROOMS (RoomTypeId,OfficeId) VALUES (2,14)
INSERT INTO ROOMS (RoomTypeId,OfficeId) VALUES (2,15)
INSERT INTO ROOMS (RoomTypeId,OfficeId) VALUES (3,3)
INSERT INTO ROOMS (RoomTypeId,OfficeId) VALUES (4,13)
INSERT INTO ROOMS (RoomTypeId,OfficeId) VALUES (3,16)
INSERT INTO ROOMS (RoomTypeId,OfficeId) VALUES (3,19)
INSERT INTO ROOMS (RoomTypeId,OfficeId) VALUES (4,20)

-- ROOM TYPES ENTITY
INSERT INTO ROOMTYPES (RoomName) VALUES ('General')
INSERT INTO ROOMTYPES (RoomName) VALUES ('Hygienist')
INSERT INTO ROOMTYPES (RoomName) VALUES ('Endodontic')
INSERT INTO ROOMTYPES (RoomName) VALUES ('Orthodontic')

-- EQUIPMENT ENTITY
INSERT INTO EQUIPMENT (EquipmentName,RoomId) VALUES ('Dental PC',1)
INSERT INTO EQUIPMENT (EquipmentName,RoomId) VALUES ('Dental Syringe',2)
INSERT INTO EQUIPMENT (EquipmentName,RoomId) VALUES ('Mouth Mirror',3)
INSERT INTO EQUIPMENT (EquipmentName,RoomId) VALUES ('Explorers',4)
INSERT INTO EQUIPMENT (EquipmentName,RoomId) VALUES ('Cotton Forceps',5)
INSERT INTO EQUIPMENT (EquipmentName,RoomId) VALUES ('Periodontal Probe',6)
INSERT INTO EQUIPMENT (EquipmentName,RoomId) VALUES ('Ultrasonic Scaler',7)
INSERT INTO EQUIPMENT (EquipmentName,RoomId) VALUES ('Extracting Forceps',8)
INSERT INTO EQUIPMENT (EquipmentName,RoomId) VALUES ('Dental Elevator',9)
INSERT INTO EQUIPMENT (EquipmentName,RoomId) VALUES ('Air Water Syringe',10)
INSERT INTO EQUIPMENT (EquipmentName,RoomId) VALUES ('Saliva Ejector',11)

-- DRUG STORE ENTITY
INSERT INTO DRUGSTORE (DrugId,Quantity) VALUES (8,10)
INSERT INTO DRUGSTORE (DrugId,Quantity) VALUES (9,20)
INSERT INTO DRUGSTORE (DrugId,Quantity) VALUES (10,30)
INSERT INTO DRUGSTORE (DrugId,Quantity) VALUES (1,10)
INSERT INTO DRUGSTORE (DrugId,Quantity) VALUES (2,23)
INSERT INTO DRUGSTORE (DrugId,Quantity) VALUES (3,45)
INSERT INTO DRUGSTORE (DrugId,Quantity) VALUES (4,65)
INSERT INTO DRUGSTORE (DrugId,Quantity) VALUES (5,88)
INSERT INTO DRUGSTORE (DrugId,Quantity) VALUES (6,54)
INSERT INTO DRUGSTORE (DrugId,Quantity) VALUES (7,23)
INSERT INTO DRUGSTORE (DrugId,Quantity) VALUES (1,12)
INSERT INTO DRUGSTORE (DrugId,Quantity) VALUES (11,55)
INSERT INTO DRUGSTORE (DrugId,Quantity) VALUES (8,98)
INSERT INTO DRUGSTORE (DrugId,Quantity) VALUES (9,33)
INSERT INTO DRUGSTORE (DrugId,Quantity) VALUES (10,21)
INSERT INTO DRUGSTORE (DrugId,Quantity) VALUES (9,23)
INSERT INTO DRUGSTORE (DrugId,Quantity) VALUES (12,78)
INSERT INTO DRUGSTORE (DrugId,Quantity) VALUES (4,65)
INSERT INTO DRUGSTORE (DrugId,Quantity) VALUES (5,19)
INSERT INTO DRUGSTORE (DrugId,Quantity) VALUES (6,20)


INSERT INTO DRUGSTORE (DrugId,Quantity) VALUES (3,25)
INSERT INTO DRUGSTORE (DrugId,Quantity) VALUES (4,15)
INSERT INTO DRUGSTORE (DrugId,Quantity) VALUES (5,28)
INSERT INTO DRUGSTORE (DrugId,Quantity) VALUES (6,44)
INSERT INTO DRUGSTORE (DrugId,Quantity) VALUES (7,13)
INSERT INTO DRUGSTORE (DrugId,Quantity) VALUES (1,62)
INSERT INTO DRUGSTORE (DrugId,Quantity) VALUES (11,75)
INSERT INTO DRUGSTORE (DrugId,Quantity) VALUES (8,58)
INSERT INTO DRUGSTORE (DrugId,Quantity) VALUES (9,83)
INSERT INTO DRUGSTORE (DrugId,Quantity) VALUES (10,91)


-- DRUG ENTITY
INSERT INTO DRUG (DrugName,Usage,Price) VALUES ('Motrin','Treatment of fever and pain.',$10.99)
INSERT INTO DRUG (DrugName,Usage,Price) VALUES ('Tylenol','Treat mild to moderate pain',$12.49)
INSERT INTO DRUG (DrugName,Usage,Price) VALUES ('Anbesol','Dental/Gum Pain/Cold Sores',$17.81)
INSERT INTO DRUG (DrugName,Usage,Price) VALUES ('Orajel','Anesthetic for oral mucosa.',$16.54)
INSERT INTO DRUG (DrugName,Usage,Price) VALUES ('Peridex','Oral rinse to treat Gingivitis',$6.14)
INSERT INTO DRUG (DrugName,Usage,Price) VALUES ('PerioChip','An agent used to treat periodontitis',$355.50)
INSERT INTO DRUG (DrugName,Usage,Price) VALUES ('PerioGard','Chlorhexidine gluconate oral rinse',$3.98)
INSERT INTO DRUG (DrugName,Usage,Price) VALUES ('Minocycline','Antibiotic for bacterial infection',$25.72)
INSERT INTO DRUG (DrugName,Usage,Price) VALUES ('Triclosan','Bacterial Infections and Mycoses',$97)
INSERT INTO DRUG (DrugName,Usage,Price) VALUES ('Orabase','Used for anti-inflammatory, antiallergic action',$8.69)
INSERT INTO DRUG (DrugName,Usage,Price) VALUES ('Oracort','Reduces the swelling, pain of mouth sores',$22.69)
INSERT INTO DRUG (DrugName,Usage,Price) VALUES ('Oralone','Used for relief of symptoms of oral ulcers',$35)

-- APPOINTMENTS ENTITY
INSERT INTO Appointments (AppointmentTypeName,PatientId,EmployeeId,OfficeId,RoomId,StartTime,EndTime,isCancelled)
VALUES ('Emergency',1,1,1,2,'20211218 09:00:00','20211218 10:00:00',0)
INSERT INTO Appointments (AppointmentTypeName,PatientId,EmployeeId,OfficeId,RoomId,StartTime,EndTime,isCancelled)
VALUES ('General',2,2,2,16,'20211218 10:00:00','20211218 11:00:00',0)
INSERT INTO Appointments (AppointmentTypeName,PatientId,EmployeeId,OfficeId,RoomId,StartTime,EndTime,isCancelled)
VALUES ('Follow-up',4,3,3,1,'20211218 11:00:01','20211218 12:00:01',0)
INSERT INTO Appointments (AppointmentTypeName,PatientId,EmployeeId,OfficeId,RoomId,StartTime,EndTime,isCancelled)
VALUES ('Routine',5,2,4,15,'20211218 12:00:00','20211218 12:30:00',0)
INSERT INTO Appointments (AppointmentTypeName,PatientId,EmployeeId,OfficeId,RoomId,StartTime,EndTime,isCancelled)
VALUES ('General',6,3,2,2,'20211218 13:00:00','20211218 13:45:00',0)
INSERT INTO Appointments (AppointmentTypeName,PatientId,EmployeeId,OfficeId,RoomId,StartTime,EndTime,isCancelled)
VALUES ('Follow-up',7,4,5,1,'20211218 14:00:00','20211218 15:00:00',0)
INSERT INTO Appointments (AppointmentTypeName,PatientId,EmployeeId,OfficeId,RoomId,StartTime,EndTime,isCancelled)
VALUES ('Emergency',14,4,6,1,'20211221 11:00:01','20211221 11:30:01',0)
INSERT INTO Appointments (AppointmentTypeName,PatientId,EmployeeId,OfficeId,RoomId,StartTime,EndTime,isCancelled)
VALUES ('General',17,5,7,4,'20211218 11:00:01','20211218 12:00:01',0)
INSERT INTO Appointments (AppointmentTypeName,PatientId,EmployeeId,OfficeId,RoomId,StartTime,EndTime,isCancelled)
VALUES ('Follow-up',1,2,10,1,'20211219 09:00:00','20211219 09:30:00',0)
INSERT INTO Appointments (AppointmentTypeName,PatientId,EmployeeId,OfficeId,RoomId,StartTime,EndTime,isCancelled)
VALUES ('General',4,6,1,15,'20211218 11:00:01','20211218 11:45:01',0)
INSERT INTO Appointments (AppointmentTypeName,PatientId,EmployeeId,OfficeId,RoomId,StartTime,EndTime,isCancelled)
VALUES ('Follow-up',6,7,9,17,'20211218 13:00:00','20211218 13:30:00',0)
INSERT INTO Appointments (AppointmentTypeName,PatientId,EmployeeId,OfficeId,RoomId,StartTime,EndTime,isCancelled)
VALUES ('Follow-up',3,8,3,1,'20211220 09:45:01','20211220 10:15:01',1)
INSERT INTO Appointments (AppointmentTypeName,PatientId,EmployeeId,OfficeId,RoomId,StartTime,EndTime,isCancelled)
VALUES ('Routine',10,9,8,16,'20211218 13:00:00','20211218 14:00:00',0)
INSERT INTO Appointments (AppointmentTypeName,PatientId,EmployeeId,OfficeId,RoomId,StartTime,EndTime,isCancelled)
VALUES ('General',2,2,1,18,'20211218 14:00:00','20211218 15:00:00',1)
INSERT INTO Appointments (AppointmentTypeName,PatientId,EmployeeId,OfficeId,RoomId,StartTime,EndTime,isCancelled)
VALUES ('Follow-up',6,10,15,2,'20211220 09:45:01','20211220 10:45:01',0)
INSERT INTO Appointments (AppointmentTypeName,PatientId,EmployeeId,OfficeId,RoomId,StartTime,EndTime,isCancelled)
VALUES ('Emergency',9,11,19,6,'20211218 14:00:00','20211218 15:00:00',0)
INSERT INTO Appointments (AppointmentTypeName,PatientId,EmployeeId,OfficeId,RoomId,StartTime,EndTime,isCancelled)
VALUES ('General',1,3,2,7,'20211218 15:00:00','20211218 16:00:00',0)
INSERT INTO Appointments (AppointmentTypeName,PatientId,EmployeeId,OfficeId,RoomId,StartTime,EndTime,isCancelled)
VALUES ('Follow-up',19,12,4,8,'20211221 11:00:00','20211221 11:30:00',0)
INSERT INTO Appointments (AppointmentTypeName,PatientId,EmployeeId,OfficeId,RoomId,StartTime,EndTime,isCancelled)
VALUES ('Follow-up',11,14,15,4,'20211220 09:45:01','20211220 10:30:01',1)
INSERT INTO Appointments (AppointmentTypeName,PatientId,EmployeeId,OfficeId,RoomId,StartTime,EndTime,isCancelled)
VALUES ('Routine',16,16,18,12,'20211221 11:00:00','20211221 11:30:00',0)












